Bank Name,City,ST,CERT,Acquiring Institution,Closing date,Closing year,Closing month and date,Updated Date,Updated year ,Updated month and date 
Washington Federal Bank for Savings,Chicago,IL,30570,Royal Savings Bank,2017/12/15,2017,12/15,2018/2/21,2018,2/21
The Farmers and Merchants State Bank of Argonia,Argonia,KS,17719,Conway Bank,2017/10/13,2017,10/13,2018/2/21,2018,2/21
Fayette County Bank,Saint Elmo,IL,1802,"United Fidelity Bank, fsb",2017/5/26,2017,5/26,2017/7/26,2017,7/26
"Guaranty Bank, (d/b/a BestBank in Georgia & Michigan) ",Milwaukee,WI,30003,First-Citizens Bank & Trust Company,2017/5/5,2017,5/5,2018/3/22,2018,3/22
First NBC Bank,New Orleans,LA,58302,Whitney Bank,2017/4/28,2017,4/28,2017/12/5,2017,12/5
Proficio Bank,Cottonwood Heights,UT,35495,Cache Valley Bank,2017/3/3,2017,3/3,2018/3/7,2018,3/7
Seaway Bank and Trust Company,Chicago,IL,19328,State Bank of Texas,2017/1/27,2017,1/27,2017/5/18,2017,5/18
Harvest Community Bank,Pennsville,NJ,34951,First-Citizens Bank & Trust Company,2017/1/13,2017,1/13,2017/5/18,2017,5/18
Allied Bank,Mulberry,AR,91,Today's Bank,2016/9/23,2016,9/23,2017/9/25,2017,9/25
The Woodbury Banking Company,Woodbury,GA,11297,United Bank,2016/8/19,2016,8/19,2017/6/1,2017,6/1
First CornerStone Bank,King of Prussia,PA,35312,First-Citizens Bank & Trust Company,2016/5/6,2016,5/6,2016/9/6,2016,9/6
Trust Company Bank,Memphis,TN,9956,The Bank of Fayette County,2016/4/29,2016,4/29,2016/9/6,2016,9/6
North Milwaukee State Bank,Milwaukee,WI,20364,First-Citizens Bank & Trust Company,2016/3/11,2016,3/11,2017/3/13,2017,3/13
Hometown National Bank,Longview,WA,35156,Twin City Bank,2015/10/2,2015,10/2,2018/2/19,2018,2/19
The Bank of Georgia,Peachtree City,GA,35259,Fidelity Bank,2015/10/2,2015,10/2,2018/7/9,2018,7/9
Premier Bank,Denver,CO,34112,"United Fidelity Bank, fsb",2015/7/10,2015,7/10,2018/2/20,2018,2/20
Edgebrook Bank,Chicago,IL,57772,Republic Bank of Chicago,2015/5/8,2015,5/8,2016/7/12,2016,7/12
Doral Bank,San Juan,PR,32102,Banco Popular de Puerto Rico,2015/2/27,2015,2/27,2015/5/13,2015,5/13
Capitol City Bank & Trust Company,Atlanta,GA,33938,First-Citizens Bank & Trust Company,2015/2/13,2015,2/13,2015/4/21,2015,4/21
Highland Community Bank,Chicago,IL,20290,"United Fidelity Bank, fsb",2015/1/23,2015,1/23,2017/11/15,2017,11/15
First National Bank of Crestview ,Crestview,FL,17557,First NBC Bank,2015/1/16,2015,1/16,2017/11/15,2017,11/15
Northern Star Bank,Mankato,MN,34983,BankVista,2014/12/19,2014,12/19,2018/1/3,2018,1/3
"Frontier Bank, FSB D/B/A El Paseo Bank",Palm Desert,CA,34738,"Bank of Southern California, N.A.",2014/11/7,2014,11/7,2016/11/10,2016,11/10
The National Republic Bank of Chicago,Chicago,IL,916,State Bank of Texas,2014/10/24,2014,10/24,2016/1/6,2016,1/6
NBRS Financial,Rising Sun,MD,4862,Howard Bank,2014/10/17,2014,10/17,2018/2/19,2018,2/19
"GreenChoice Bank, fsb",Chicago,IL,28462,"Providence Bank, LLC",2014/7/25,2014,7/25,2016/12/12,2016,12/12
Eastside Commercial Bank,Conyers,GA,58125,Community & Southern Bank,2014/7/18,2014,7/18,2017/10/6,2017,10/6
The Freedom State Bank ,Freedom,OK,12483,Alva State Bank & Trust Company,2014/6/27,2014,6/27,2018/2/21,2018,2/21
Valley Bank,Fort Lauderdale,FL,21793,"Landmark Bank, National Association",2014/6/20,2014,6/20,2018/2/14,2018,2/14
Valley Bank,Moline,IL,10450,Great Southern Bank,2014/6/20,2014,6/20,2015/6/26,2015,6/26
Slavie Federal Savings Bank,Bel Air,MD,32368,"Bay Bank, FSB",2014/5/30,2014,5/30,2016/12/12,2016,12/12
Columbia Savings Bank,Cincinnati,OH,32284,"United Fidelity Bank, fsb",2014/5/23,2014,5/23,2016/11/10,2016,11/10
AztecAmerica Bank ,Berwyn,IL,57866,Republic Bank of Chicago,2014/5/16,2014,5/16,2016/10/20,2016,10/20
Allendale County Bank,Fairfax,SC,15062,Palmetto State Bank,2014/4/25,2014,4/25,2014/7/18,2014,7/18
Vantage Point Bank,Horsham,PA,58531,First Choice Bank,2014/2/28,2014,2/28,2018/1/7,2018,1/7
"Millennium Bank, National Association ",Sterling,VA,35096,WashingtonFirst Bank,2014/2/28,2014,2/28,2018/7/10,2018,7/10
Syringa Bank,Boise,ID,34296,Sunwest Bank,2014/1/31,2014,1/31,2016/4/12,2016,4/12
The Bank of Union,El Reno,OK,17967,BancFirst,2014/1/24,2014,1/24,2016/3/25,2016,3/25
DuPage National Bank,West Chicago,IL,5732,Republic Bank of Chicago,2014/1/17,2014,1/17,2016/10/20,2016,10/20
"Texas Community Bank, National Association",The Woodlands,TX,57431,"Spirit of Texas Bank, SSB",2013/12/13,2013,12/13,2018/2/13,2018,2/13
Bank of Jackson County,Graceville,FL,14794,First Federal Bank of Florida,2013/10/30,2013,10/30,2016/10/20,2016,10/20
First National Bank also operating as The National Bank of El Paso,Edinburg,TX,14318,PlainsCapital Bank,2013/9/13,2013,9/13,2015/5/27,2015,5/27
The Community's Bank,Bridgeport,CT,57041,No Acquirer,2013/9/13,2013,9/13,2015/12/7,2015,12/7
Sunrise Bank of Arizona,Phoenix,AZ,34707,"First Fidelity Bank, National Association",2013/8/23,2013,8/23,2017/5/3,2017,5/3
Community South Bank,Parsons,TN,19849,"CB&S Bank, Inc.",2013/8/23,2013,8/23,2014/9/12,2014,9/12
Bank of Wausau,Wausau,WI,35016,Nicolet National Bank,2013/8/9,2013,8/9,2018/2/21,2018,2/21
First Community Bank of Southwest Florida (also operating as Community Bank of Cape Coral),Fort Myers,FL,34943,C1 Bank,2013/8/2,2013,8/2,2017/2/9,2017,2/9
Mountain National Bank,Sevierville,TN,34789,"First Tennessee Bank, National Association",2013/6/7,2013,6/7,2016/2/4,2016,2/4
1st Commerce Bank,North Las Vegas,NV,58358,Plaza Bank,2013/6/6,2013,6/6,2013/7/12,2013,7/12
Banks of Wisconsin d/b/a Bank of Kenosha,Kenosha,WI,35386,"North Shore Bank, FSB",2013/5/31,2013,5/31,2017/5/5,2017,5/5
Central Arizona Bank,Scottsdale,AZ,34527,Western State Bank,2013/5/14,2013,5/14,2015/12/7,2015,12/7
Sunrise Bank,Valdosta,GA,58185,Synovus Bank,2013/5/10,2013,5/10,2014/6/26,2014,6/26
Pisgah Community Bank,Asheville,NC,58701,"Capital Bank, N.A.",2013/5/10,2013,5/10,2016/8/8,2016,8/8
Douglas County Bank,Douglasville,GA,21649,Hamilton State Bank,2013/4/26,2013,4/26,2014/4/25,2014,4/25
Parkway Bank,Lenoir,NC,57158,"CertusBank, National Association",2013/4/26,2013,4/26,2017/10/6,2017,10/6
Chipola Community Bank,Marianna,FL,58034,First Federal Bank of Florida,2013/4/19,2013,4/19,2015/9/21,2015,9/21
Heritage Bank of North Florida,Orange Park,FL,26680,FirstAtlantic Bank,2013/4/19,2013,4/19,2016/8/8,2016,8/8
First Federal Bank,Lexington,KY,29594,Your Community Bank,2013/4/19,2013,4/19,2016/12/12,2016,12/12
Gold Canyon Bank,Gold Canyon,AZ,58066,"First Scottsdale Bank, National Association",2013/4/5,2013,4/5,2017/10/6,2017,10/6
Frontier Bank,LaGrange,GA,16431,HeritageBank of the South,2013/3/8,2013,3/8,2017/11/13,2017,11/13
Covenant Bank,Chicago,IL,22476,Liberty Bank and Trust Company,2013/2/15,2013,2/15,2015/9/21,2015,9/21
1st Regents Bank,Andover,MN,57157,First Minnesota Bank,2013/1/18,2013,1/18,2016/7/12,2016,7/12
Westside Community Bank,University Place,WA,33997,Sunwest Bank,2013/1/11,2013,1/11,2016/8/8,2016,8/8
Community Bank of the Ozarks,Sunrise Beach,MO,27331,Bank of Sullivan,2012/12/14,2012,12/14,2014/4/4,2014,4/4
Hometown Community Bank,Braselton,GA,57928,"CertusBank, National Association",2012/11/16,2012,11/16,2017/10/6,2017,10/6
Citizens First National Bank,Princeton,IL,3731,Heartland Bank and Trust Company,2012/11/2,2012,11/2,2018/2/13,2018,2/13
Heritage Bank of Florida,Lutz,FL,35009,Centennial Bank,2012/11/2,2012,11/2,2014/3/21,2014,3/21
NOVA Bank,Berwyn,PA,27148,No Acquirer,2012/10/26,2012,10/26,2013/1/24,2013,1/24
Excel Bank,Sedalia,MO,19189,Simmons First National Bank,2012/10/19,2012,10/19,2013/10/22,2013,10/22
First East Side Savings Bank,Tamarac,FL,28144,Stearns Bank N.A.,2012/10/19,2012,10/19,2016/1/6,2016,1/6
GulfSouth Private Bank,Destin,FL,58073,SmartBank,2012/10/19,2012,10/19,2014/3/21,2014,3/21
First United Bank,Crete,IL,20685,"Old Plank Trail Community Bank, National Association",2012/9/28,2012,9/28,2013/11/1,2013,11/1
Truman Bank,St. Louis,MO,27316,Simmons First National Bank,2012/9/14,2012,9/14,2012/12/17,2012,12/17
First Commercial Bank,Bloomington,MN,35246,Republic Bank & Trust Company,2012/9/7,2012,9/7,2018/7/10,2018,7/10
Waukegan Savings Bank,Waukegan,IL,28243,First Midwest Bank,2012/8/3,2012,8/3,2015/12/7,2015,12/7
Jasper Banking Company,Jasper,GA,16240,Stearns Bank N.A.,2012/7/27,2012,7/27,2014/3/21,2014,3/21
Second Federal Savings and Loan Association of Chicago,Chicago,IL,27986,Hinsdale Bank & Trust Company,2012/7/20,2012,7/20,2018/1/3,2018,1/3
Heartland Bank,Leawood,KS,1361,Metcalf Bank,2012/7/20,2012,7/20,2013/7/30,2013,7/30
First Cherokee State Bank,Woodstock,GA,32711,Community & Southern Bank,2012/7/20,2012,7/20,2017/10/6,2017,10/6
Georgia Trust Bank,Buford,GA,57847,Community & Southern Bank,2012/7/20,2012,7/20,2017/10/6,2017,10/6
The Royal Palm Bank of Florida,Naples,FL,57096,First National Bank of the Gulf Coast,2012/7/20,2012,7/20,2014/3/21,2014,3/21
Glasgow Savings Bank,Glasgow,MO,1056,Regional Missouri Bank,2012/7/13,2012,7/13,2014/8/19,2014,8/19
Montgomery Bank & Trust,Ailey,GA,19498,Ameris Bank,2012/7/6,2012,7/6,2014/3/21,2014,3/21
The Farmers Bank of Lynchburg,Lynchburg,TN,1690,Clayton Bank and Trust,2012/6/15,2012,6/15,2016/8/8,2016,8/8
Security Exchange Bank,Marietta,GA,35299,Fidelity Bank,2012/6/15,2012,6/15,2014/3/21,2014,3/21
Putnam State Bank,Palatka,FL,27405,Harbor Community Bank,2012/6/15,2012,6/15,2018/2/13,2018,2/13
Waccamaw Bank,Whiteville,NC,34515,First Community Bank,2012/6/8,2012,6/8,2014/3/21,2014,3/21
Farmers' and Traders' State Bank,Shabbona,IL,9257,First State Bank,2012/6/8,2012,6/8,2012/10/10,2012,10/10
Carolina Federal Savings Bank,Charleston,SC,35372,Bank of North Carolina,2012/6/8,2012,6/8,2014/3/21,2014,3/21
First Capital Bank,Kingfisher,OK,416,F & M Bank,2012/6/8,2012,6/8,2015/2/5,2015,2/5
"Alabama Trust Bank, National Association",Sylacauga,AL,35224,Southern States Bank,2012/5/18,2012,5/18,2015/9/21,2015,9/21
"Security Bank, National Association",North Lauderdale,FL,23156,Banesco USA,2012/5/4,2012,5/4,2016/4/12,2016,4/12
Palm Desert National Bank,Palm Desert,CA,23632,Pacific Premier Bank,2012/4/27,2012,4/27,2015/12/7,2015,12/7
Plantation Federal Bank,Pawleys Island,SC,32503,First Federal Bank,2012/4/27,2012,4/27,2016/11/10,2016,11/10
"Inter Savings Bank, fsb D/B/A InterBank, fsb",Maple Grove,MN,31495,Great Southern Bank,2012/4/27,2012,4/27,2013/5/17,2013,5/17
HarVest Bank of Maryland,Gaithersburg,MD,57766,Sonabank,2012/4/27,2012,4/27,2015/9/21,2015,9/21
Bank of the Eastern Shore,Cambridge,MD,26759,No Acquirer,2012/4/27,2012,4/27,2012/10/17,2012,10/17
"Fort Lee Federal Savings Bank, FSB",Fort Lee,NJ,35527,Alma Bank,2012/4/20,2012,4/20,2013/5/17,2013,5/17
Fidelity Bank,Dearborn,MI,33883,The Huntington National Bank,2012/3/30,2012,3/30,2014/2/4,2014,2/4
Premier Bank,Wilmette,IL,35419,International Bank of Chicago,2012/3/23,2012,3/23,2012/10/17,2012,10/17
Covenant Bank & Trust,Rock Spring,GA,58068,"Stearns Bank, N.A.",2012/3/23,2012,3/23,2014/3/21,2014,3/21
New City Bank,Chicago,IL,57597,No Acquirer,2012/3/9,2012,3/9,2012/10/29,2012,10/29
Global Commerce Bank,Doraville,GA,34046,Metro City Bank,2012/3/2,2012,3/2,2014/6/26,2014,6/26
Home Savings of America,Little Falls,MN,29178,No Acquirer,2012/2/24,2012,2/24,2012/12/17,2012,12/17
Central Bank of Georgia,Ellaville,GA,5687,Ameris Bank,2012/2/24,2012,2/24,2014/3/21,2014,3/21
SCB Bank,Shelbyville,IN,29761,"First Merchants Bank, National Association",2012/2/10,2012,2/10,2015/2/19,2015,2/19
Charter National Bank and Trust,Hoffman Estates,IL,23187,"Barrington Bank & Trust Company, National Association",2012/2/10,2012,2/10,2013/3/25,2013,3/25
BankEast,Knoxville,TN,19869,"U.S. Bank, N.A.",2012/1/27,2012,1/27,2015/12/7,2015,12/7
Patriot Bank Minnesota,Forest Lake,MN,34823,First Resource Bank,2012/1/27,2012,1/27,2017/11/13,2017,11/13
Tennessee Commerce Bank,Franklin,TN,35296,Republic Bank & Trust Company,2012/1/27,2012,1/27,2014/3/21,2014,3/21
First Guaranty Bank and Trust Company of Jacksonville,Jacksonville,FL,16579,"CenterState Bank of Florida, N.A.",2012/1/27,2012,1/27,2016/7/11,2016,7/11
American Eagle Savings Bank,Boothwyn,PA,31581,"Capital Bank, N.A.",2012/1/20,2012,1/20,2018/2/21,2018,2/21
The First State Bank,Stockbridge,GA,19252,Hamilton State Bank,2012/1/20,2012,1/20,2014/3/21,2014,3/21
Central Florida State Bank,Belleview,FL,57186,"CenterState Bank of Florida, N.A.",2012/1/20,2012,1/20,2016/6/6,2016,6/6
Western National Bank,Phoenix,AZ,57917,Washington Federal,2011/12/16,2011,12/16,2015/2/5,2015,2/5
Premier Community Bank of the Emerald Coast,Crestview,FL,58343,Summit Bank,2011/12/16,2011,12/16,2018/2/19,2018,2/19
Central Progressive Bank,Lacombe,LA,19657,First NBC Bank,2011/11/18,2011,11/18,2015/2/5,2015,2/5
Polk County Bank,Johnston,IA,14194,Grinnell State Bank,2011/11/18,2011,11/18,2012/8/15,2012,8/15
Community Bank of Rockmart,Rockmart,GA,57860,Century Bank of Georgia,2011/11/10,2011,11/10,2014/3/21,2014,3/21
SunFirst Bank,Saint George,UT,57087,Cache Valley Bank,2011/11/4,2011,11/4,2017/8/9,2017,8/9
"Mid City Bank, Inc.",Omaha,NE,19397,Premier Bank,2011/11/4,2011,11/4,2018/4/16,2018,4/16
All American Bank,Des Plaines,IL,57759,International Bank of Chicago,2011/10/28,2011,10/28,2018/2/21,2018,2/21
Community Banks of Colorado,Greenwood Village,CO,21132,"Bank Midwest, N.A.",2011/10/21,2011,10/21,2013/1/2,2013,1/2
Community Capital Bank,Jonesboro,GA,57036,State Bank and Trust Company,2011/10/21,2011,10/21,2016/1/6,2016,1/6
Decatur First Bank,Decatur,GA,34392,Fidelity Bank,2011/10/21,2011,10/21,2014/3/21,2014,3/21
Old Harbor Bank,Clearwater,FL,57537,1st United Bank,2011/10/21,2011,10/21,2017/10/6,2017,10/6
Country Bank,Aledo,IL,35395,Blackhawk Bank & Trust,2011/10/14,2011,10/14,2017/4/13,2017,4/13
First State Bank,Cranford,NJ,58046,Northfield Bank,2011/10/14,2011,10/14,2017/10/23,2017,10/23
"Blue Ridge Savings Bank, Inc.",Asheville,NC,32347,Bank of North Carolina,2011/10/14,2011,10/14,2014/3/21,2014,3/21
Piedmont Community Bank,Gray,GA,57256,State Bank and Trust Company,2011/10/14,2011,10/14,2014/3/21,2014,3/21
Sun Security Bank,Ellington,MO,20115,Great Southern Bank,2011/10/7,2011,10/7,2017/5/8,2017,5/8
The RiverBank,Wyoming,MN,10216,Central Bank,2011/10/7,2011,10/7,2018/5/9,2018,5/9
First International Bank,Plano,TX,33513,American First National Bank,2011/9/30,2011,9/30,2015/2/5,2015,2/5
Citizens Bank of Northern California,Nevada City,CA,33983,Tri Counties Bank,2011/9/23,2011,9/23,2018/1/7,2018,1/7
Bank of the Commonwealth,Norfolk,VA,20408,Southern Bank and Trust Company,2011/9/23,2011,9/23,2012/10/9,2012,10/9
The First National Bank of Florida,Milton,FL,25155,CharterBank,2011/9/9,2011,9/9,2014/3/21,2014,3/21
CreekSide Bank,Woodstock,GA,58226,Georgia Commerce Bank,2011/9/2,2011,9/2,2017/6/23,2017,6/23
Patriot Bank of Georgia,Cumming,GA,58273,Georgia Commerce Bank,2011/9/2,2011,9/2,2017/6/28,2017,6/28
First Choice Bank,Geneva,IL,57212,Inland Bank & Trust,2011/8/19,2011,8/19,2015/2/5,2015,2/5
First Southern National Bank,Statesboro,GA,57239,Heritage Bank of the South,2011/8/19,2011,8/19,2018/2/19,2018,2/19
Lydian Private Bank,Palm Beach,FL,35356,"Sabadell United Bank, N.A.",2011/8/19,2011,8/19,2014/3/21,2014,3/21
Public Savings Bank,Huntingdon Valley,PA,34130,"Capital Bank, N.A.",2011/8/18,2011,8/18,2018/2/12,2018,2/12
The First National Bank of Olathe,Olathe,KS,4744,Enterprise Bank & Trust,2011/8/12,2011,8/12,2018/6/8,2018,6/8
Bank of Whitman,Colfax,WA,22528,Columbia State Bank,2011/8/5,2011,8/5,2012/8/16,2012,8/16
Bank of Shorewood,Shorewood,IL,22637,Heartland Bank and Trust Company,2011/8/5,2011,8/5,2016/10/20,2016,10/20
Integra Bank National Association,Evansville,IN,4392,Old National Bank,2011/7/29,2011,7/29,2012/8/16,2012,8/16
"BankMeridian, N.A.",Columbia,SC,58222,SCBT National Association,2011/7/29,2011,7/29,2018/2/21,2018,2/21
Virginia Business Bank,Richmond,VA,58283,Xenith Bank,2011/7/29,2011,7/29,2012/10/9,2012,10/9
Bank of Choice,Greeley,CO,2994,"Bank Midwest, N.A.",2011/7/22,2011,7/22,2012/9/12,2012,9/12
LandMark Bank of Florida,Sarasota,FL,35244,American Momentum Bank,2011/7/22,2011,7/22,2014/3/21,2014,3/21
Southshore Community Bank,Apollo Beach,FL,58056,American Momentum Bank,2011/7/22,2011,7/22,2015/2/5,2015,2/5
Summit Bank,Prescott,AZ,57442,The Foothills Bank,2011/7/15,2011,7/15,2014/8/19,2014,8/19
First Peoples Bank,Port St. Lucie,FL,34870,"Premier American Bank, N.A.",2011/7/15,2011,7/15,2016/7/12,2016,7/12
High Trust Bank,Stockbridge,GA,19554,Ameris Bank,2011/7/15,2011,7/15,2014/3/21,2014,3/21
One Georgia Bank,Atlanta,GA,58238,Ameris Bank,2011/7/15,2011,7/15,2014/3/21,2014,3/21
Signature Bank,Windsor,CO,57835,Points West Community Bank,2011/7/8,2011,7/8,2012/10/26,2012,10/26
Colorado Capital Bank,Castle Rock,CO,34522,First-Citizens Bank & Trust Company,2011/7/8,2011,7/8,2016/11/10,2016,11/10
First Chicago Bank & Trust,Chicago,IL,27935,Northbrook Bank & Trust Company,2011/7/8,2011,7/8,2012/9/9,2012,9/9
Mountain Heritage Bank,Clayton,GA,57593,First American Bank and Trust Company,2011/6/24,2011,6/24,2017/2/9,2017,2/9
First Commercial Bank of Tampa Bay,Tampa,FL,27583,Stonegate Bank,2011/6/17,2011,6/17,2016/9/12,2016,9/12
McIntosh State Bank,Jackson,GA,19237,Hamilton State Bank,2011/6/17,2011,6/17,2014/3/21,2014,3/21
Atlantic Bank and Trust,Charleston,SC,58420,"First Citizens Bank and Trust Company, Inc.",2011/6/3,2011,6/3,2014/3/21,2014,3/21
First Heritage Bank,Snohomish,WA,23626,Columbia State Bank,2011/5/27,2011,5/27,2017/10/23,2017,10/23
Summit Bank,Burlington,WA,513,Columbia State Bank,2011/5/20,2011,5/20,2017/10/23,2017,10/23
First Georgia Banking Company,Franklin,GA,57647,"CertusBank, National Association",2011/5/20,2011,5/20,2017/10/6,2017,10/6
Atlantic Southern Bank,Macon,GA,57213,"CertusBank, National Association",2011/5/20,2011,5/20,2017/10/6,2017,10/6
Coastal Bank,Cocoa Beach,FL,34898,"Florida Community Bank, a division of Premier American Bank, N.A.",2011/5/6,2011,5/6,2015/9/21,2015,9/21
Community Central Bank,Mount Clemens,MI,34234,Talmer Bank & Trust,2011/4/29,2011,4/29,2018/2/20,2018,2/20
The Park Avenue Bank,Valdosta,GA,19797,Bank of the Ozarks,2011/4/29,2011,4/29,2014/3/21,2014,3/21
First Choice Community Bank,Dallas,GA,58539,Bank of the Ozarks,2011/4/29,2011,4/29,2015/9/21,2015,9/21
Cortez Community Bank,Brooksville,FL,57625,"Florida Community Bank, a division of Premier American Bank, N.A.",2011/4/29,2011,4/29,2016/8/8,2016,8/8
First National Bank of Central Florida,Winter Park,FL,26297,"Florida Community Bank, a division of Premier American Bank, N.A.",2011/4/29,2011,4/29,2016/5/4,2016,5/4
Heritage Banking Group,Carthage,MS,14273,Trustmark National Bank,2011/4/15,2011,4/15,2014/3/21,2014,3/21
Rosemount National Bank,Rosemount,MN,24099,Central Bank,2011/4/15,2011,4/15,2015/12/7,2015,12/7
Superior Bank,Birmingham,AL,17750,"Superior Bank, National Association",2011/4/15,2011,4/15,2014/3/21,2014,3/21
Nexity Bank,Birmingham,AL,19794,AloStar Bank of Commerce,2011/4/15,2011,4/15,2014/3/21,2014,3/21
New Horizons Bank,East Ellijay,GA,57705,Citizens South Bank,2011/4/15,2011,4/15,2017/11/13,2017,11/13
Bartow County Bank,Cartersville,GA,21495,Hamilton State Bank,2011/4/15,2011,4/15,2014/3/21,2014,3/21
Nevada Commerce Bank,Las Vegas,NV,35418,City National Bank,2011/4/8,2011,4/8,2012/9/9,2012,9/9
Western Springs National Bank and Trust,Western Springs,IL,10086,Heartland Bank and Trust Company,2011/4/8,2011,4/8,2018/4/17,2018,4/17
The Bank of Commerce,Wood Dale,IL,34292,Advantage National Bank Group,2011/3/25,2011,3/25,2018/4/13,2018,4/13
Legacy Bank,Milwaukee,WI,34818,Seaway Bank and Trust Company,2011/3/11,2011,3/11,2012/9/12,2012,9/12
First National Bank of Davis,Davis,OK,4077,The Pauls Valley National Bank,2011/3/11,2011,3/11,2017/4/13,2017,4/13
Valley Community Bank,St. Charles,IL,34187,First State Bank,2011/2/25,2011,2/25,2015/2/5,2015,2/5
"San Luis Trust Bank, FSB",San Luis Obispo,CA,34783,First California Bank,2011/2/18,2011,2/18,2016/9/12,2016,9/12
Charter Oak Bank,Napa,CA,57855,Bank of Marin,2011/2/18,2011,2/18,2012/9/12,2012,9/12
Citizens Bank of Effingham,Springfield,GA,34601,Heritage Bank of the South,2011/2/18,2011,2/18,2018/5/10,2018,5/10
Habersham Bank,Clarkesville,GA,151,SCBT National Association,2011/2/18,2011,2/18,2018/2/23,2018,2/23
Canyon National Bank,Palm Springs,CA,34692,Pacific Premier Bank,2011/2/11,2011,2/11,2014/8/19,2014,8/19
Badger State Bank,Cassville,WI,13272,Royal Bank,2011/2/11,2011,2/11,2012/9/12,2012,9/12
Peoples State Bank,Hamtramck,MI,14939,First Michigan Bank,2011/2/11,2011,2/11,2018/2/20,2018,2/20
Sunshine State Community Bank,Port Orange,FL,35478,"Premier American Bank, N.A.",2011/2/11,2011,2/11,2016/8/8,2016,8/8
Community First Bank Chicago,Chicago,IL,57948,Northbrook Bank & Trust Company,2011/2/4,2011,2/4,2018/4/13,2018,4/13
North Georgia Bank,Watkinsville,GA,35242,BankSouth,2011/2/4,2011,2/4,2017/9/19,2017,9/19
American Trust Bank,Roswell,GA,57432,Renasant Bank,2011/2/4,2011,2/4,2014/3/21,2014,3/21
First Community Bank,Taos,NM,12261,"U.S. Bank, N.A.",2011/1/28,2011,1/28,2012/9/12,2012,9/12
FirsTier Bank,Louisville,CO,57646,No Acquirer,2011/1/28,2011,1/28,2012/9/12,2012,9/12
Evergreen State Bank,Stoughton,WI,5328,McFarland State Bank,2011/1/28,2011,1/28,2012/9/12,2012,9/12
The First State Bank,Camargo,OK,2303,Bank 7,2011/1/28,2011,1/28,2017/11/13,2017,11/13
United Western Bank,Denver,CO,31293,First-Citizens Bank & Trust Company,2011/1/21,2011,1/21,2012/9/12,2012,9/12
The Bank of Asheville,Asheville,NC,34516,First Bank,2011/1/21,2011,1/21,2014/3/21,2014,3/21
CommunitySouth Bank & Trust,Easley,SC,57868,"CertusBank, National Association",2011/1/21,2011,1/21,2016/6/6,2016,6/6
Enterprise Banking Company,McDonough,GA,19758,No Acquirer,2011/1/21,2011,1/21,2014/3/21,2014,3/21
Oglethorpe Bank,Brunswick,GA,57440,Bank of the Ozarks,2011/1/14,2011,1/14,2017/11/13,2017,11/13
Legacy Bank,Scottsdale,AZ,57820,Enterprise Bank & Trust,2011/1/7,2011,1/7,2016/4/12,2016,4/12
First Commercial Bank of Florida,Orlando,FL,34965,First Southern Bank,2011/1/7,2011,1/7,2016/6/6,2016,6/6
Community National Bank,Lino Lakes,MN,23306,Farmers & Merchants Savings Bank,2010/12/17,2010,12/17,2016/11/10,2016,11/10
First Southern Bank,Batesville,AR,58052,Southern Bank,2010/12/17,2010,12/17,2012/8/20,2012,8/20
"United Americas Bank, N.A.",Atlanta,GA,35065,State Bank and Trust Company,2010/12/17,2010,12/17,2015/10/17,2015,10/17
"Appalachian Community Bank, FSB",McCaysville,GA,58495,Peoples Bank of East Tennessee,2010/12/17,2010,12/17,2014/3/21,2014,3/21
Chestatee State Bank,Dawsonville,GA,34578,Bank of the Ozarks,2010/12/17,2010,12/17,2015/9/21,2015,9/21
"The Bank of Miami,N.A.",Coral Gables,FL,19040,1st United Bank,2010/12/17,2010,12/17,2014/3/21,2014,3/21
Earthstar Bank,Southampton,PA,35561,Polonia Bank,2010/12/10,2010,12/10,2017/10/6,2017,10/6
Paramount Bank,Farmington Hills,MI,34673,Level One Bank,2010/12/10,2010,12/10,2015/9/21,2015,9/21
First Banking Center,Burlington,WI,5287,First Michigan Bank,2010/11/19,2010,11/19,2012/8/20,2012,8/20
Allegiance Bank of North America,Bala Cynwyd,PA,35078,VIST Bank,2010/11/19,2010,11/19,2017/7/26,2017,7/26
Gulf State Community Bank,Carrabelle,FL,20340,Centennial Bank,2010/11/19,2010,11/19,2016/12/12,2016,12/12
Copper Star Bank,Scottsdale,AZ,35463,"Stearns Bank, N.A.",2010/11/12,2010,11/12,2012/8/20,2012,8/20
Darby Bank & Trust Co.,Vidalia,GA,14580,Ameris Bank,2010/11/12,2010,11/12,2014/3/21,2014,3/21
Tifton Banking Company,Tifton,GA,57831,Ameris Bank,2010/11/12,2010,11/12,2014/3/21,2014,3/21
First Vietnamese American Bank,Westminster,CA,57885,Grandpoint Bank,2010/11/5,2010,11/5,2012/9/12,2012,9/12
Pierce Commercial Bank,Tacoma,WA,34411,Heritage Bank,2010/11/5,2010,11/5,2015/10/19,2015,10/19
Western Commercial Bank,Woodland Hills,CA,58087,First California Bank,2010/11/5,2010,11/5,2016/9/12,2016,9/12
K Bank,Randallstown,MD,31263,Manufacturers and Traders Trust Company (M&T Bank),2010/11/5,2010,11/5,2012/8/20,2012,8/20
"First Arizona Savings, A FSB",Scottsdale,AZ,32582,No Acquirer,2010/10/22,2010,10/22,2012/8/20,2012,8/20
Hillcrest Bank,Overland Park,KS,22173,"Hillcrest Bank, N.A.",2010/10/22,2010,10/22,2012/8/20,2012,8/20
First Suburban National Bank,Maywood,IL,16089,Seaway Bank and Trust Company,2010/10/22,2010,10/22,2018/2/21,2018,2/21
The First National Bank of Barnesville,Barnesville,GA,2119,United Bank,2010/10/22,2010,10/22,2015/10/17,2015,10/17
The Gordon Bank,Gordon,GA,33904,Morris Bank,2010/10/22,2010,10/22,2014/3/21,2014,3/21
Progress Bank of Florida,Tampa,FL,32251,Bay Cities Bank,2010/10/22,2010,10/22,2016/2/4,2016,2/4
First Bank of Jacksonville,Jacksonville,FL,27573,Ameris Bank,2010/10/22,2010,10/22,2014/3/21,2014,3/21
Premier Bank,Jefferson City,MO,34016,Providence Bank,2010/10/15,2010,10/15,2012/8/20,2012,8/20
WestBridge Bank and Trust Company,Chesterfield,MO,58205,Midland States Bank,2010/10/15,2010,10/15,2017/2/9,2017,2/9
"Security Savings Bank, F.S.B.",Olathe,KS,30898,Simmons First National Bank,2010/10/15,2010,10/15,2012/8/20,2012,8/20
Shoreline Bank,Shoreline,WA,35250,GBC International Bank,2010/10/1,2010,10/1,2012/8/20,2012,8/20
Wakulla Bank,Crawfordville,FL,21777,Centennial Bank,2010/10/1,2010,10/1,2014/3/21,2014,3/21
North County Bank,Arlington,WA,35053,Whidbey Island Bank,2010/9/24,2010,9/24,2017/10/6,2017,10/6
Haven Trust Bank Florida,Ponte Vedra Beach,FL,58308,First Southern Bank,2010/9/24,2010,9/24,2016/7/11,2016,7/11
Maritime Savings Bank,West Allis,WI,28612,"North Shore Bank, FSB",2010/9/17,2010,9/17,2012/8/20,2012,8/20
Bramble Savings Bank,Milford,OH,27808,Foundation Bank,2010/9/17,2010,9/17,2012/8/20,2012,8/20
The Peoples Bank,Winder,GA,182,Community & Southern Bank,2010/9/17,2010,9/17,2017/10/6,2017,10/6
First Commerce Community Bank,Douglasville,GA,57448,Community & Southern Bank,2010/9/17,2010,9/17,2017/10/6,2017,10/6
Bank of Ellijay,Ellijay,GA,58197,Community & Southern Bank,2010/9/17,2010,9/17,2017/10/6,2017,10/6
ISN Bank,Cherry Hill,NJ,57107,Customers Bank,2010/9/17,2010,9/17,2017/6/28,2017,6/28
Horizon Bank,Bradenton,FL,35061,Bank of the Ozarks,2010/9/10,2010,9/10,2018/2/13,2018,2/13
Sonoma Valley Bank,Sonoma,CA,27259,Westamerica Bank,2010/8/20,2010,8/20,2012/9/12,2012,9/12
Los Padres Bank,Solvang,CA,32165,Pacific Western Bank,2010/8/20,2010,8/20,2012/9/12,2012,9/12
Butte Community Bank,Chico,CA,33219,"Rabobank, N.A.",2010/8/20,2010,8/20,2012/9/12,2012,9/12
Pacific State Bank,Stockton,CA,27090,"Rabobank, N.A.",2010/8/20,2010,8/20,2012/9/12,2012,9/12
ShoreBank,Chicago,IL,15640,Urban Partnership Bank,2010/8/20,2010,8/20,2013/5/16,2013,5/16
Imperial Savings and Loan Association,Martinsville,VA,31623,"River Community Bank, N.A.",2010/8/20,2010,8/20,2017/10/6,2017,10/6
Independent National Bank,Ocala,FL,27344,"CenterState Bank of Florida, N.A.",2010/8/20,2010,8/20,2016/10/20,2016,10/20
Community National Bank at Bartow,Bartow,FL,25266,"CenterState Bank of Florida, N.A.",2010/8/20,2010,8/20,2016/7/11,2016,7/11
Palos Bank and Trust Company,Palos Heights,IL,17599,First Midwest Bank,2010/8/13,2010,8/13,2012/8/22,2012,8/22
Ravenswood Bank,Chicago,IL,34231,Northbrook Bank & Trust Company,2010/8/6,2010,8/6,2012/8/22,2012,8/22
LibertyBank,Eugene,OR,31964,Home Federal Bank,2010/7/30,2010,7/30,2017/10/6,2017,10/6
The Cowlitz Bank,Longview,WA,22643,Heritage Bank,2010/7/30,2010,7/30,2012/8/22,2012,8/22
Coastal Community Bank,Panama City Beach,FL,9619,Centennial Bank,2010/7/30,2010,7/30,2017/2/9,2017,2/9
Bayside Savings Bank,Port Saint Joe,FL,57669,Centennial Bank,2010/7/30,2010,7/30,2016/12/12,2016,12/12
Northwest Bank & Trust,Acworth,GA,57658,State Bank and Trust Company,2010/7/30,2010,7/30,2015/9/21,2015,9/21
Home Valley Bank,Cave Junction,OR,23181,South Valley Bank & Trust,2010/7/23,2010,7/23,2017/10/6,2017,10/6
SouthwestUSA Bank,Las Vegas,NV,35434,Plaza Bank,2010/7/23,2010,7/23,2012/8/22,2012,8/22
Community Security Bank,New Prague,MN,34486,Roundbank,2010/7/23,2010,7/23,2016/2/4,2016,2/4
Thunder Bank,Sylvan Grove,KS,10506,The Bennington State Bank,2010/7/23,2010,7/23,2012/9/13,2012,9/13
Williamsburg First National Bank,Kingstree,SC,17837,"First Citizens Bank and Trust Company, Inc.",2010/7/23,2010,7/23,2016/10/20,2016,10/20
Crescent Bank and Trust Company,Jasper,GA,27559,Renasant Bank,2010/7/23,2010,7/23,2014/3/21,2014,3/21
Sterling Bank,Lantana,FL,32536,IBERIABANK,2010/7/23,2010,7/23,2018/2/22,2018,2/22
"Mainstreet Savings Bank, FSB",Hastings,MI,28136,Commercial Bank,2010/7/16,2010,7/16,2018/2/21,2018,2/21
Olde Cypress Community Bank,Clewiston,FL,28864,"CenterState Bank of Florida, N.A.",2010/7/16,2010,7/16,2016/7/11,2016,7/11
Turnberry Bank,Aventura,FL,32280,NAFH National Bank,2010/7/16,2010,7/16,2016/9/12,2016,9/12
Metro Bank of Dade County,Miami,FL,25172,NAFH National Bank,2010/7/16,2010,7/16,2016/8/8,2016,8/8
First National Bank of the South,Spartanburg,SC,35383,NAFH National Bank,2010/7/16,2010,7/16,2014/3/21,2014,3/21
Woodlands Bank,Bluffton,SC,32571,Bank of the Ozarks,2010/7/16,2010,7/16,2015/9/21,2015,9/21
Home National Bank,Blackwell,OK,11636,RCB Bank,2010/7/9,2010,7/9,2016/12/12,2016,12/12
USA Bank,Port Chester,NY,58072,New Century Bank,2010/7/9,2010,7/9,2017/10/6,2017,10/6
Ideal Federal Savings Bank,Baltimore,MD,32456,No Acquirer,2010/7/9,2010,7/9,2015/5/8,2015,5/8
Bay National Bank,Baltimore,MD,35462,"Bay Bank, FSB",2010/7/9,2010,7/9,2013/1/15,2013,1/15
High Desert State Bank,Albuquerque,NM,35279,First American Bank,2010/6/25,2010,6/25,2018/6/8,2018,6/8
First National Bank,Savannah,GA,34152,"The Savannah Bank, N.A.",2010/6/25,2010,6/25,2014/3/21,2014,3/21
Peninsula Bank,Englewood,FL,26563,"Premier American Bank, N.A.",2010/6/25,2010,6/25,2018/5/11,2018,5/11
Nevada Security Bank,Reno,NV,57110,Umpqua Bank,2010/6/18,2010,6/18,2012/8/23,2012,8/23
Washington First International Bank,Seattle,WA,32955,East West Bank,2010/6/11,2010,6/11,2018/2/22,2018,2/22
TierOne Bank,Lincoln,NE,29341,Great Western Bank,2010/6/4,2010,6/4,2012/9/14,2012,9/14
Arcola Homestead Savings Bank,Arcola,IL,31813,No Acquirer,2010/6/4,2010,6/4,2015/5/8,2015,5/8
First National Bank,Rosedale,MS,15814,The Jefferson Bank,2010/6/4,2010,6/4,2018/2/20,2018,2/20
Sun West Bank,Las Vegas,NV,34785,City National Bank,2010/5/28,2010,5/28,2012/9/14,2012,9/14
"Granite Community Bank, NA",Granite Bay,CA,57315,Tri Counties Bank,2010/5/28,2010,5/28,2017/9/7,2017,9/7
Bank of Florida - Tampa,Tampa,FL,57814,EverBank,2010/5/28,2010,5/28,2016/8/8,2016,8/8
Bank of Florida - Southwest,Naples,FL,35106,EverBank,2010/5/28,2010,5/28,2016/8/8,2016,8/8
Bank of Florida - Southeast,Fort Lauderdale,FL,57360,EverBank,2010/5/28,2010,5/28,2016/8/8,2016,8/8
Pinehurst Bank,Saint Paul,MN,57735,Coulee Bank,2010/5/21,2010,5/21,2012/10/26,2012,10/26
Midwest Bank and Trust Company,Elmwood Park,IL,18117,"FirstMerit Bank, N.A.",2010/5/14,2010,5/14,2012/8/23,2012,8/23
Southwest Community Bank,Springfield,MO,34255,Simmons First National Bank,2010/5/14,2010,5/14,2016/2/4,2016,2/4
New Liberty Bank,Plymouth,MI,35586,Bank of Ann Arbor,2010/5/14,2010,5/14,2012/8/23,2012,8/23
Satilla Community Bank,Saint Marys,GA,35114,Ameris Bank,2010/5/14,2010,5/14,2014/3/21,2014,3/21
1st Pacific Bank of California,San Diego,CA,35517,City National Bank,2010/5/7,2010,5/7,2012/12/13,2012,12/13
Towne Bank of Arizona,Mesa,AZ,57697,Commerce Bank of Arizona,2010/5/7,2010,5/7,2012/8/23,2012,8/23
Access Bank,Champlin,MN,16476,PrinsBank,2010/5/7,2010,5/7,2015/2/5,2015,2/5
The Bank of Bonifay,Bonifay,FL,14246,First Federal Bank of Florida,2010/5/7,2010,5/7,2012/11/5,2012,11/5
Frontier Bank,Everett,WA,22710,"Union Bank, N.A.",2010/4/30,2010,4/30,2013/1/15,2013,1/15
BC National Banks,Butler,MO,17792,Community First Bank,2010/4/30,2010,4/30,2012/8/23,2012,8/23
Champion Bank,Creve Coeur,MO,58362,BankLiberty,2010/4/30,2010,4/30,2016/6/6,2016,6/6
CF Bancorp,Port Huron,MI,30005,First Michigan Bank,2010/4/30,2010,4/30,2016/4/13,2016,4/13
Westernbank Puerto Rico,Mayaguez,PR,31027,Banco Popular de Puerto Rico,2010/4/30,2010,4/30,2014/3/21,2014,3/21
R-G Premier Bank of Puerto Rico,Hato Rey,PR,32185,Scotiabank de Puerto Rico,2010/4/30,2010,4/30,2015/8/5,2015,8/5
Eurobank,San Juan,PR,27150,Oriental Bank and Trust,2010/4/30,2010,4/30,2014/3/21,2014,3/21
Wheatland Bank,Naperville,IL,58429,Wheaton Bank & Trust,2010/4/23,2010,4/23,2012/8/23,2012,8/23
Peotone Bank and Trust Company,Peotone,IL,10888,First Midwest Bank,2010/4/23,2010,4/23,2012/8/23,2012,8/23
Lincoln Park Savings Bank,Chicago,IL,30600,Northbrook Bank & Trust Company,2010/4/23,2010,4/23,2012/8/23,2012,8/23
New Century Bank,Chicago,IL,34821,"MB Financial Bank, N.A.",2010/4/23,2010,4/23,2012/8/23,2012,8/23
Citizens Bank and Trust Company of Chicago,Chicago,IL,34658,Republic Bank of Chicago,2010/4/23,2010,4/23,2014/6/5,2014,6/5
Broadway Bank,Chicago,IL,22853,"MB Financial Bank, N.A.",2010/4/23,2010,4/23,2012/8/23,2012,8/23
"Amcore Bank, National Association",Rockford,IL,3735,Harris N.A.,2010/4/23,2010,4/23,2012/8/23,2012,8/23
City Bank,Lynnwood,WA,21521,Whidbey Island Bank,2010/4/16,2010,4/16,2012/9/14,2012,9/14
Tamalpais Bank,San Rafael,CA,33493,"Union Bank, N.A.",2010/4/16,2010,4/16,2012/8/23,2012,8/23
Innovative Bank,Oakland,CA,23876,Center Bank,2010/4/16,2010,4/16,2017/10/6,2017,10/6
Butler Bank,Lowell,MA,26619,People's United Bank,2010/4/16,2010,4/16,2012/8/23,2012,8/23
Riverside National Bank of Florida,Fort Pierce,FL,24067,"TD Bank, N.A.",2010/4/16,2010,4/16,2014/3/21,2014,3/21
AmericanFirst Bank,Clermont,FL,57724,"TD Bank, N.A.",2010/4/16,2010,4/16,2014/3/21,2014,3/21
First Federal Bank of North Florida,Palatka,FL,28886,"TD Bank, N.A.",2010/4/16,2010,4/16,2014/3/21,2014,3/21
Lakeside Community Bank,Sterling Heights,MI,34878,No Acquirer,2010/4/16,2010,4/16,2012/8/23,2012,8/23
Beach First National Bank,Myrtle Beach,SC,34242,Bank of North Carolina,2010/4/9,2010,4/9,2018/2/13,2018,2/13
Desert Hills Bank,Phoenix,AZ,57060,New York Community Bank,2010/3/26,2010,3/26,2012/8/23,2012,8/23
Unity National Bank,Cartersville,GA,34678,Bank of the Ozarks,2010/3/26,2010,3/26,2015/9/21,2015,9/21
Key West Bank,Key West,FL,34684,Centennial Bank,2010/3/26,2010,3/26,2017/2/9,2017,2/9
McIntosh Commercial Bank,Carrollton,GA,57399,CharterBank,2010/3/26,2010,3/26,2016/7/11,2016,7/11
State Bank of Aurora,Aurora,MN,8221,Northern State Bank,2010/3/19,2010,3/19,2016/8/8,2016,8/8
First Lowndes Bank,Fort Deposit,AL,24957,First Citizens Bank,2010/3/19,2010,3/19,2014/3/21,2014,3/21
Bank of Hiawassee,Hiawassee,GA,10054,Citizens South Bank,2010/3/19,2010,3/19,2014/3/21,2014,3/21
Appalachian Community Bank,Ellijay,GA,33989,Community & Southern Bank,2010/3/19,2010,3/19,2017/10/6,2017,10/6
Advanta Bank Corp.,Draper,UT,33535,No Acquirer,2010/3/19,2010,3/19,2016/3/31,2016,3/31
Century Security Bank,Duluth,GA,58104,Bank of Upson,2010/3/19,2010,3/19,2016/4/13,2016,4/13
American National Bank,Parma,OH,18806,The National Bank and Trust Company,2010/3/19,2010,3/19,2015/9/21,2015,9/21
Statewide Bank,Covington,LA,29561,Home Bank,2010/3/12,2010,3/12,2012/8/23,2012,8/23
Old Southern Bank,Orlando,FL,58182,Centennial Bank,2010/3/12,2010,3/12,2017/2/9,2017,2/9
The Park Avenue Bank,New York,NY,27096,Valley National Bank,2010/3/12,2010,3/12,2012/8/23,2012,8/23
LibertyPointe Bank,New York,NY,58071,Valley National Bank,2010/3/11,2010,3/11,2012/8/23,2012,8/23
Centennial Bank,Ogden,UT,34430,No Acquirer,2010/3/5,2010,3/5,2012/9/14,2012,9/14
Waterfield Bank,Germantown,MD,34976,No Acquirer,2010/3/5,2010,3/5,2012/8/23,2012,8/23
Bank of Illinois,Normal,IL,9268,Heartland Bank and Trust Company,2010/3/5,2010,3/5,2012/8/23,2012,8/23
Sun American Bank,Boca Raton,FL,27126,First-Citizens Bank & Trust Company,2010/3/5,2010,3/5,2014/3/21,2014,3/21
Rainier Pacific Bank,Tacoma,WA,38129,Umpqua Bank,2010/2/26,2010,2/26,2018/6/7,2018,6/7
Carson River Community Bank,Carson City,NV,58352,Heritage Bank of Nevada,2010/2/26,2010,2/26,2013/1/15,2013,1/15
"La Jolla Bank, FSB",La Jolla,CA,32423,"OneWest Bank, FSB",2010/2/19,2010,2/19,2012/8/24,2012,8/24
George Washington Savings Bank,Orland Park,IL,29952,"FirstMerit Bank, N.A.",2010/2/19,2010,2/19,2012/8/24,2012,8/24
The La Coste National Bank,La Coste,TX,3287,Community National Bank,2010/2/19,2010,2/19,2014/8/19,2014,8/19
Marco Community Bank,Marco Island,FL,57586,Mutual of Omaha Bank,2010/2/19,2010,2/19,2017/7/20,2017,7/20
1st American State Bank of Minnesota,Hancock,MN,15448,"Community Development Bank, FSB",2010/2/5,2010,2/5,2013/11/1,2013,11/1
American Marine Bank,Bainbridge Island,WA,16730,Columbia State Bank,2010/1/29,2010,1/29,2018/2/22,2018,2/22
First Regional Bank,Los Angeles,CA,23011,First-Citizens Bank & Trust Company,2010/1/29,2010,1/29,2016/3/4,2016,3/4
Community Bank and Trust,Cornelia,GA,5702,SCBT National Association,2010/1/29,2010,1/29,2016/4/13,2016,4/13
"Marshall Bank, N.A.",Hallock,MN,16133,United Valley Bank,2010/1/29,2010,1/29,2012/8/23,2012,8/23
Florida Community Bank,Immokalee,FL,5672,"Premier American Bank, N.A.",2010/1/29,2010,1/29,2014/3/21,2014,3/21
First National Bank of Georgia,Carrollton,GA,16480,Community & Southern Bank,2010/1/29,2010,1/29,2018/2/22,2018,2/22
Columbia River Bank,The Dalles,OR,22469,Columbia State Bank,2010/1/22,2010,1/22,2018/5/10,2018,5/10
Evergreen Bank,Seattle,WA,20501,Umpqua Bank,2010/1/22,2010,1/22,2013/1/15,2013,1/15
Charter Bank,Santa Fe,NM,32498,Charter Bank,2010/1/22,2010,1/22,2012/8/23,2012,8/23
Bank of Leeton,Leeton,MO,8265,"Sunflower Bank, N.A.",2010/1/22,2010,1/22,2013/1/15,2013,1/15
Premier American Bank,Miami,FL,57147,"Premier American Bank, N.A.",2010/1/22,2010,1/22,2015/9/21,2015,9/21
Barnes Banking Company,Kaysville,UT,1252,No Acquirer,2010/1/15,2010,1/15,2012/8/23,2012,8/23
St. Stephen State Bank,St. Stephen,MN,17522,First State Bank of St. Joseph,2010/1/15,2010,1/15,2016/8/8,2016,8/8
Town Community Bank & Trust,Antioch,IL,34705,First American Bank,2010/1/15,2010,1/15,2012/8/23,2012,8/23
Horizon Bank,Bellingham,WA,22977,Washington Federal Savings and Loan Association,2010/1/8,2010,1/8,2017/10/3,2017,10/3
"First Federal Bank of California, F.S.B.",Santa Monica,CA,28536,"OneWest Bank, FSB",2009/12/18,2009,12/18,2012/8/23,2012,8/23
Imperial Capital Bank,La Jolla,CA,26348,City National Bank,2009/12/18,2009,12/18,2012/9/5,2012,9/5
Independent Bankers' Bank,Springfield,IL,26820,The Independent BankersBank (TIB),2009/12/18,2009,12/18,2012/8/23,2012,8/23
New South Federal Savings Bank,Irondale,AL,32276,Beal Bank,2009/12/18,2009,12/18,2012/8/23,2012,8/23
Citizens State Bank,New Baltimore,MI,1006,No Acquirer,2009/12/18,2009,12/18,2014/3/21,2014,3/21
Peoples First Community Bank,Panama City,FL,32167,Hancock Bank,2009/12/18,2009,12/18,2012/11/5,2012,11/5
RockBridge Commercial Bank,Atlanta,GA,58315,No Acquirer,2009/12/18,2009,12/18,2014/3/21,2014,3/21
SolutionsBank,Overland Park,KS,4731,Arvest Bank,2009/12/11,2009,12/11,2018/1/3,2018,1/3
"Valley Capital Bank, N.A.",Mesa,AZ,58399,Enterprise Bank & Trust,2009/12/11,2009,12/11,2016/10/20,2016,10/20
"Republic Federal Bank, N.A.",Miami,FL,22846,1st United Bank,2009/12/11,2009,12/11,2017/10/6,2017,10/6
Greater Atlantic Bank,Reston,VA,32583,Sonabank,2009/12/4,2009,12/4,2014/3/21,2014,3/21
Benchmark Bank,Aurora,IL,10440,"MB Financial Bank, N.A.",2009/12/4,2009,12/4,2012/8/23,2012,8/23
AmTrust Bank,Cleveland,OH,29776,New York Community Bank,2009/12/4,2009,12/4,2014/3/21,2014,3/21
The Tattnall Bank,Reidsville,GA,12080,Heritage Bank of the South,2009/12/4,2009,12/4,2014/3/21,2014,3/21
First Security National Bank,Norcross,GA,26290,State Bank and Trust Company,2009/12/4,2009,12/4,2015/10/17,2015,10/17
The Buckhead Community Bank,Atlanta,GA,34663,State Bank and Trust Company,2009/12/4,2009,12/4,2014/3/21,2014,3/21
Commerce Bank of Southwest Florida,Fort Myers,FL,58016,Central Bank,2009/11/20,2009,11/20,2017/12/21,2017,12/21
Pacific Coast National Bank,San Clemente,CA,57914,Sunwest Bank,2009/11/13,2009,11/13,2017/4/10,2017,4/10
Orion Bank,Naples,FL,22427,IBERIABANK,2009/11/13,2009,11/13,2014/3/21,2014,3/21
"Century Bank, F.S.B.",Sarasota,FL,32267,IBERIABANK,2009/11/13,2009,11/13,2014/3/21,2014,3/21
United Commercial Bank,San Francisco,CA,32469,East West Bank,2009/11/6,2009,11/6,2012/11/5,2012,11/5
Gateway Bank of St. Louis,St. Louis,MO,19450,Central Bank of Kansas City,2009/11/6,2009,11/6,2012/8/22,2012,8/22
Prosperan Bank,Oakdale,MN,35074,"Alerus Financial, N.A.",2009/11/6,2009,11/6,2012/8/22,2012,8/22
Home Federal Savings Bank,Detroit,MI,30329,Liberty Bank and Trust Company,2009/11/6,2009,11/6,2012/8/22,2012,8/22
United Security Bank,Sparta,GA,22286,Ameris Bank,2009/11/6,2009,11/6,2014/3/21,2014,3/21
North Houston Bank,Houston,TX,18776,U.S. Bank N.A.,2009/10/30,2009,10/30,2012/8/22,2012,8/22
Madisonville State Bank,Madisonville,TX,33782,U.S. Bank N.A.,2009/10/30,2009,10/30,2012/8/22,2012,8/22
Citizens National Bank,Teague,TX,25222,U.S. Bank N.A.,2009/10/30,2009,10/30,2012/8/22,2012,8/22
Park National Bank,Chicago,IL,11677,U.S. Bank N.A.,2009/10/30,2009,10/30,2012/8/22,2012,8/22
Pacific National Bank,San Francisco,CA,30006,U.S. Bank N.A.,2009/10/30,2009,10/30,2012/8/22,2012,8/22
California National Bank,Los Angeles,CA,34659,U.S. Bank N.A.,2009/10/30,2009,10/30,2012/9/5,2012,9/5
San Diego National Bank,San Diego,CA,23594,U.S. Bank N.A.,2009/10/30,2009,10/30,2012/8/22,2012,8/22
Community Bank of Lemont,Lemont,IL,35291,U.S. Bank N.A.,2009/10/30,2009,10/30,2013/1/15,2013,1/15
"Bank USA, N.A.",Phoenix,AZ,32218,U.S. Bank N.A.,2009/10/30,2009,10/30,2012/8/22,2012,8/22
First DuPage Bank,Westmont,IL,35038,First Midwest Bank,2009/10/23,2009,10/23,2012/8/22,2012,8/22
Riverview Community Bank,Otsego,MN,57525,Central Bank,2009/10/23,2009,10/23,2017/12/21,2017,12/21
Bank of Elmwood,Racine,WI,18321,Tri City National Bank,2009/10/23,2009,10/23,2012/8/22,2012,8/22
Flagship National Bank,Bradenton,FL,35044,First Federal Bank of Florida,2009/10/23,2009,10/23,2015/2/5,2015,2/5
Hillcrest Bank Florida,Naples,FL,58336,Stonegate Bank,2009/10/23,2009,10/23,2012/8/22,2012,8/22
American United Bank,Lawrenceville,GA,57794,Ameris Bank,2009/10/23,2009,10/23,2018/7/16,2018,7/16
Partners Bank,Naples,FL,57959,Stonegate Bank,2009/10/23,2009,10/23,2015/2/5,2015,2/5
San Joaquin Bank,Bakersfield,CA,23266,Citizens Business Bank,2009/10/16,2009,10/16,2012/8/22,2012,8/22
Southern Colorado National Bank,Pueblo,CO,57263,Legacy Bank,2009/10/2,2009,10/2,2016/12/12,2016,12/12
Jennings State Bank,Spring Grove,MN,11416,Central Bank,2009/10/2,2009,10/2,2017/11/15,2017,11/15
Warren Bank,Warren,MI,34824,The Huntington National Bank,2009/10/2,2009,10/2,2012/8/21,2012,8/21
Georgian Bank,Atlanta,GA,57151,"First Citizens Bank and Trust Company, Inc.",2009/9/25,2009,9/25,2012/8/21,2012,8/21
"Irwin Union Bank, F.S.B.",Louisville,KY,57068,"First Financial Bank, N.A.",2009/9/18,2009,9/18,2012/9/5,2012,9/5
Irwin Union Bank and Trust Company,Columbus,IN,10100,"First Financial Bank, N.A.",2009/9/18,2009,9/18,2012/8/21,2012,8/21
Venture Bank,Lacey,WA,22868,First-Citizens Bank & Trust Company,2009/9/11,2009,9/11,2012/8/21,2012,8/21
Brickwell Community Bank,Woodbury,MN,57736,CorTrust Bank N.A.,2009/9/11,2009,9/11,2016/10/20,2016,10/20
"Corus Bank, N.A.",Chicago,IL,13693,"MB Financial Bank, N.A.",2009/9/11,2009,9/11,2012/8/21,2012,8/21
First State Bank,Flagstaff,AZ,34875,Sunwest Bank,2009/9/4,2009,9/4,2015/2/5,2015,2/5
Platinum Community Bank,Rolling Meadows,IL,35030,No Acquirer,2009/9/4,2009,9/4,2012/8/21,2012,8/21
Vantus Bank,Sioux City,IA,27732,Great Southern Bank,2009/9/4,2009,9/4,2012/8/21,2012,8/21
InBank,Oak Forest,IL,20203,"MB Financial Bank, N.A.",2009/9/4,2009,9/4,2015/10/17,2015,10/17
First Bank of Kansas City,Kansas City,MO,25231,Great American Bank,2009/9/4,2009,9/4,2012/8/21,2012,8/21
Affinity Bank,Ventura,CA,27197,Pacific Western Bank,2009/8/28,2009,8/28,2012/8/21,2012,8/21
Mainstreet Bank,Forest Lake,MN,1909,Central Bank,2009/8/28,2009,8/28,2018/2/21,2018,2/21
Bradford Bank,Baltimore,MD,28312,Manufacturers and Traders Trust Company (M&T Bank),2009/8/28,2009,8/28,2013/1/15,2013,1/15
Guaranty Bank,Austin,TX,32618,BBVA Compass,2009/8/21,2009,8/21,2012/8/21,2012,8/21
CapitalSouth Bank,Birmingham,AL,22130,IBERIABANK,2009/8/21,2009,8/21,2018/2/20,2018,2/20
First Coweta Bank,Newnan,GA,57702,United Bank,2009/8/21,2009,8/21,2015/12/7,2015,12/7
ebank,Atlanta,GA,34682,"Stearns Bank, N.A.",2009/8/21,2009,8/21,2012/8/21,2012,8/21
Community Bank of Nevada,Las Vegas,NV,34043,No Acquirer,2009/8/14,2009,8/14,2012/8/21,2012,8/21
Community Bank of Arizona,Phoenix,AZ,57645,MidFirst Bank,2009/8/14,2009,8/14,2012/8/21,2012,8/21
"Union Bank, National Association",Gilbert,AZ,34485,MidFirst Bank,2009/8/14,2009,8/14,2012/8/21,2012,8/21
Colonial Bank,Montgomery,AL,9609,"Branch Banking & Trust Company, (BB&T)",2009/8/14,2009,8/14,2014/6/12,2014,6/12
Dwelling House Savings and Loan Association,Pittsburgh,PA,31559,"PNC Bank, N.A.",2009/8/14,2009,8/14,2013/1/15,2013,1/15
Community First Bank,Prineville,OR,23268,Home Federal Bank,2009/8/7,2009,8/7,2018/6/6,2018,6/6
Community National Bank of Sarasota County,Venice,FL,27183,"Stearns Bank, N.A.",2009/8/7,2009,8/7,2012/8/20,2012,8/20
First State Bank,Sarasota,FL,27364,"Stearns Bank, N.A.",2009/8/7,2009,8/7,2012/8/20,2012,8/20
Mutual Bank,Harvey,IL,18659,United Central Bank,2009/7/31,2009,7/31,2012/8/20,2012,8/20
First BankAmericano,Elizabeth,NJ,34270,Crown Bank,2009/7/31,2009,7/31,2012/8/20,2012,8/20
Peoples Community Bank,West Chester,OH,32288,"First Financial Bank, N.A.",2009/7/31,2009,7/31,2012/8/20,2012,8/20
Integrity Bank,Jupiter,FL,57604,Stonegate Bank,2009/7/31,2009,7/31,2012/8/20,2012,8/20
First State Bank of Altus,Altus,OK,9873,Herring Bank,2009/7/31,2009,7/31,2012/8/20,2012,8/20
Security Bank of Jones County,Gray,GA,8486,State Bank and Trust Company,2009/7/24,2009,7/24,2012/8/20,2012,8/20
Security Bank of Houston County,Perry,GA,27048,State Bank and Trust Company,2009/7/24,2009,7/24,2015/10/17,2015,10/17
Security Bank of Bibb County,Macon,GA,27367,State Bank and Trust Company,2009/7/24,2009,7/24,2012/8/20,2012,8/20
Security Bank of North Metro,Woodstock,GA,57105,State Bank and Trust Company,2009/7/24,2009,7/24,2016/1/6,2016,1/6
Security Bank of North Fulton,Alpharetta,GA,57430,State Bank and Trust Company,2009/7/24,2009,7/24,2012/8/20,2012,8/20
Security Bank of Gwinnett County,Suwanee,GA,57346,State Bank and Trust Company,2009/7/24,2009,7/24,2017/10/23,2017,10/23
Waterford Village Bank,Williamsville,NY,58065,"Evans Bank, N.A.",2009/7/24,2009,7/24,2013/11/1,2013,11/1
Temecula Valley Bank,Temecula,CA,34341,First-Citizens Bank & Trust Company,2009/7/17,2009,7/17,2016/10/20,2016,10/20
Vineyard Bank,Rancho Cucamonga,CA,23556,California Bank & Trust,2009/7/17,2009,7/17,2012/8/20,2012,8/20
BankFirst,Sioux Falls,SD,34103,"Alerus Financial, N.A.",2009/7/17,2009,7/17,2018/7/16,2018,7/16
First Piedmont Bank,Winder,GA,34594,First American Bank and Trust Company,2009/7/17,2009,7/17,2016/8/8,2016,8/8
Bank of Wyoming,Thermopolis,WY,22754,Central Bank & Trust,2009/7/10,2009,7/10,2012/8/20,2012,8/20
Founders Bank,Worth,IL,18390,The PrivateBank and Trust Company,2009/7/2,2009,7/2,2012/8/20,2012,8/20
Millennium State Bank of Texas,Dallas,TX,57667,State Bank of Texas,2009/7/2,2009,7/2,2012/10/26,2012,10/26
First National Bank of Danville,Danville,IL,3644,"First Financial Bank, N.A.",2009/7/2,2009,7/2,2012/8/20,2012,8/20
The Elizabeth State Bank,Elizabeth,IL,9262,Galena State Bank and Trust Company,2009/7/2,2009,7/2,2018/5/10,2018,5/10
Rock River Bank,Oregon,IL,15302,The Harvard State Bank,2009/7/2,2009,7/2,2018/5/9,2018,5/9
First State Bank of Winchester,Winchester,IL,11710,The First National Bank of Beardstown,2009/7/2,2009,7/2,2012/8/20,2012,8/20
John Warner Bank,Clinton,IL,12093,State Bank of Lincoln,2009/7/2,2009,7/2,2012/8/20,2012,8/20
Mirae Bank,Los Angeles,CA,57332,Wilshire State Bank,2009/6/26,2009,6/26,2018/2/21,2018,2/21
MetroPacific Bank,Irvine,CA,57893,Sunwest Bank,2009/6/26,2009,6/26,2015/2/5,2015,2/5
Horizon Bank,Pine City,MN,9744,"Stearns Bank, N.A.",2009/6/26,2009,6/26,2015/2/5,2015,2/5
Neighborhood Community Bank,Newnan,GA,35285,CharterBank,2009/6/26,2009,6/26,2015/12/7,2015,12/7
Community Bank of West Georgia,Villa Rica,GA,57436,No Acquirer,2009/6/26,2009,6/26,2012/8/17,2012,8/17
First National Bank of Anthony,Anthony,KS,4614,Bank of Kansas,2009/6/19,2009,6/19,2015/9/21,2015,9/21
Cooperative Bank,Wilmington,NC,27837,First Bank,2009/6/19,2009,6/19,2018/3/12,2018,3/12
Southern Community Bank,Fayetteville,GA,35251,United Community Bank,2009/6/19,2009,6/19,2015/9/21,2015,9/21
Bank of Lincolnwood,Lincolnwood,IL,17309,Republic Bank of Chicago,2009/6/5,2009,6/5,2012/8/17,2012,8/17
Citizens National Bank,Macomb,IL,5757,Morton Community Bank,2009/5/22,2009,5/22,2012/9/4,2012,9/4
Strategic Capital Bank,Champaign,IL,35175,Midland States Bank,2009/5/22,2009,5/22,2012/9/4,2012,9/4
"BankUnited, FSB",Coral Gables,FL,32247,BankUnited,2009/5/21,2009,5/21,2012/8/17,2012,8/17
Westsound Bank,Bremerton,WA,34843,Kitsap Bank,2009/5/8,2009,5/8,2012/9/4,2012,9/4
America West Bank,Layton,UT,35461,Cache Valley Bank,2009/5/1,2009,5/1,2012/8/17,2012,8/17
Citizens Community Bank,Ridgewood,NJ,57563,North Jersey Community Bank,2009/5/1,2009,5/1,2012/9/4,2012,9/4
"Silverton Bank, NA",Atlanta,GA,26535,No Acquirer,2009/5/1,2009,5/1,2012/8/17,2012,8/17
First Bank of Idaho,Ketchum,ID,34396,"U.S. Bank, N.A.",2009/4/24,2009,4/24,2012/8/17,2012,8/17
First Bank of Beverly Hills,Calabasas,CA,32069,No Acquirer,2009/4/24,2009,4/24,2012/9/4,2012,9/4
Michigan Heritage Bank,Farmington Hills,MI,34369,Level One Bank,2009/4/24,2009,4/24,2012/8/17,2012,8/17
American Southern Bank,Kennesaw,GA,57943,Bank of North Georgia,2009/4/24,2009,4/24,2012/8/17,2012,8/17
Great Basin Bank of Nevada,Elko,NV,33824,Nevada State Bank,2009/4/17,2009,4/17,2012/9/4,2012,9/4
American Sterling Bank,Sugar Creek,MO,8266,Metcalf Bank,2009/4/17,2009,4/17,2012/8/31,2012,8/31
New Frontier Bank,Greeley,CO,34881,No Acquirer,2009/4/10,2009,4/10,2012/9/4,2012,9/4
Cape Fear Bank,Wilmington,NC,34639,First Federal Savings and Loan Association,2009/4/10,2009,4/10,2017/4/10,2017,4/10
Omni National Bank,Atlanta,GA,22238,No Acquirer,2009/3/27,2009,3/27,2012/8/17,2012,8/17
"TeamBank, NA",Paola,KS,4754,Great Southern Bank,2009/3/20,2009,3/20,2016/9/12,2016,9/12
Colorado National Bank,Colorado Springs,CO,18896,Herring Bank,2009/3/20,2009,3/20,2016/12/12,2016,12/12
FirstCity Bank,Stockbridge,GA,18243,No Acquirer,2009/3/20,2009,3/20,2012/8/17,2012,8/17
Freedom Bank of Georgia,Commerce,GA,57558,Northeast Georgia Bank,2009/3/6,2009,3/6,2012/8/17,2012,8/17
Security Savings Bank,Henderson,NV,34820,Bank of Nevada,2009/2/27,2009,2/27,2012/9/7,2012,9/7
Heritage Community Bank,Glenwood,IL,20078,"MB Financial Bank, N.A.",2009/2/27,2009,2/27,2012/8/17,2012,8/17
Silver Falls Bank,Silverton,OR,35399,Citizens Bank,2009/2/20,2009,2/20,2012/8/17,2012,8/17
Pinnacle Bank of Oregon,Beaverton,OR,57342,Washington Trust Bank of Spokane,2009/2/13,2009,2/13,2015/12/7,2015,12/7
Corn Belt Bank & Trust Co.,Pittsfield,IL,16500,The Carlinville National Bank,2009/2/13,2009,2/13,2012/8/17,2012,8/17
Riverside Bank of the Gulf Coast,Cape Coral,FL,34563,TIB Bank,2009/2/13,2009,2/13,2012/8/17,2012,8/17
Sherman County Bank,Loup City,NE,5431,Heritage Bank,2009/2/13,2009,2/13,2012/8/17,2012,8/17
County Bank,Merced,CA,22574,Westamerica Bank,2009/2/6,2009,2/6,2012/9/4,2012,9/4
Alliance Bank,Culver City,CA,23124,California Bank & Trust,2009/2/6,2009,2/6,2012/8/16,2012,8/16
FirstBank Financial Services,McDonough,GA,57017,Regions Bank,2009/2/6,2009,2/6,2012/8/16,2012,8/16
Ocala National Bank,Ocala,FL,26538,"CenterState Bank of Florida, N.A.",2009/1/30,2009,1/30,2012/9/4,2012,9/4
Suburban FSB,Crofton,MD,30763,Bank of Essex,2009/1/30,2009,1/30,2016/2/4,2016,2/4
MagnetBank,Salt Lake City,UT,58001,No Acquirer,2009/1/30,2009,1/30,2012/8/16,2012,8/16
1st Centennial Bank,Redlands,CA,33025,First California Bank,2009/1/23,2009,1/23,2016/4/13,2016,4/13
Bank of Clark County,Vancouver,WA,34959,Umpqua Bank,2009/1/16,2009,1/16,2012/8/16,2012,8/16
National Bank of Commerce,Berkeley,IL,19733,Republic Bank of Chicago,2009/1/16,2009,1/16,2018/3/12,2018,3/12
Sanderson State Bank,Sanderson,TX,11568,The Pecos County State Bank,2008/12/12,2008,12/12,2013/10/25,2013,10/25
Haven Trust Bank,Duluth,GA,35379,"Branch Banking & Trust Company, (BB&T)",2008/12/12,2008,12/12,2012/8/16,2012,8/16
First Georgia Community Bank,Jackson,GA,34301,United Bank,2008/12/5,2008,12/5,2012/8/16,2012,8/16
PFF Bank & Trust,Pomona,CA,28344,"U.S. Bank, N.A.",2008/11/21,2008,11/21,2013/1/4,2013,1/4
Downey Savings & Loan,Newport Beach,CA,30968,"U.S. Bank, N.A.",2008/11/21,2008,11/21,2013/1/4,2013,1/4
Community Bank,Loganville,GA,16490,Bank of Essex,2008/11/21,2008,11/21,2012/9/4,2012,9/4
Security Pacific Bank,Los Angeles,CA,23595,Pacific Western Bank,2008/11/7,2008,11/7,2012/8/28,2012,8/28
"Franklin Bank, SSB",Houston,TX,26870,Prosperity Bank,2008/11/7,2008,11/7,2012/8/16,2012,8/16
Freedom Bank,Bradenton,FL,57930,Fifth Third Bank,2008/10/31,2008,10/31,2012/8/16,2012,8/16
Alpha Bank & Trust,Alpharetta,GA,58241,"Stearns Bank, N.A.",2008/10/24,2008,10/24,2012/8/16,2012,8/16
Meridian Bank,Eldred,IL,13789,National Bank,2008/10/10,2008,10/10,2012/5/31,2012,5/31
Main Street Bank,Northville,MI,57654,Monroe Bank & Trust,2008/10/10,2008,10/10,2013/8/1,2013,8/1
Washington Mutual Bank (Including its subsidiary Washington Mutual Bank FSB),Henderson,NV,32633,JP Morgan Chase Bank,2008/9/25,2008,9/25,2015/8/4,2015,8/4
Ameribank,Northfork,WV,6782,"The Citizens Savings Bank, Pioneer Community Bank, Inc.",2008/9/19,2008,9/19,2015/9/21,2015,9/21
Silver State Bank,Henderson,NV,34194,Nevada State Bank,2008/9/5,2008,9/5,2013/10/25,2013,10/25
Integrity Bank,Alpharetta,GA,35469,Regions Bank,2008/8/29,2008,8/29,2012/8/16,2012,8/16
Columbian Bank & Trust,Topeka,KS,22728,Citizens Bank & Trust,2008/8/22,2008,8/22,2015/3/26,2015,3/26
First Priority Bank,Bradenton,FL,57523,SunTrust Bank,2008/8/1,2008,8/1,2016/12/12,2016,12/12
"First Heritage Bank, NA",Newport Beach,CA,57961,Mutual of Omaha Bank,2008/7/25,2008,7/25,2016/9/12,2016,9/12
First National Bank of Nevada,Reno,NV,27011,Mutual of Omaha Bank,2008/7/25,2008,7/25,2012/8/28,2012,8/28
IndyMac Bank,Pasadena,CA,29730,"OneWest Bank, FSB",2008/7/11,2008,7/11,2015/4/22,2015,4/22
"First Integrity Bank, NA",Staples,MN,12736,First International Bank and Trust,2008/5/30,2008,5/30,2016/10/20,2016,10/20
"ANB Financial, NA",Bentonville,AR,33901,Pulaski Bank and Trust Company,2008/5/9,2008,5/9,2012/8/28,2012,8/28
Hume Bank,Hume,MO,1971,Security Bank,2008/3/7,2008,3/7,2012/8/28,2012,8/28
Douglass National Bank,Kansas City,MO,24660,Liberty Bank and Trust Company,2008/1/25,2008,1/25,2012/10/26,2012,10/26
Miami Valley Bank,Lakeview,OH,16848,The Citizens Banking Company,2007/10/4,2007,10/4,2016/9/12,2016,9/12
NetBank,Alpharetta,GA,32575,ING DIRECT,2007/9/28,2007,9/28,2012/8/28,2012,8/28
Metropolitan Savings Bank,Pittsburgh,PA,35353,Allegheny Valley Bank of Pittsburgh,2007/2/2,2007,2/2,2010/10/27,2010,10/27
Bank of Ephraim,Ephraim,UT,1249,Far West Bank,2004/6/25,2004,6/25,2008/4/9,2008,4/9
Reliance Bank,White Plains,NY,26778,Union State Bank,2004/3/19,2004,3/19,2008/4/9,2008,4/9
Guaranty National Bank of Tallahassee,Tallahassee,FL,26838,Hancock Bank of Florida,2004/3/12,2004,3/12,2018/4/17,2018,4/17
Dollar Savings Bank,Newark,NJ,31330,No Acquirer,2004/2/14,2004,2/14,2008/4/9,2008,4/9
Pulaski Savings Bank,Philadelphia,PA,27203,Earthstar Bank,2003/11/14,2003,11/14,2017/10/6,2017,10/6
First National Bank of Blanchardville,Blanchardville,WI,11639,The Park Bank,2003/5/9,2003,5/9,2012/6/5,2012,6/5
Southern Pacific Bank,Torrance,CA,27094,Beal Bank,2003/2/7,2003,2/7,2008/10/20,2008,10/20
Farmers Bank of Cheneyville,Cheneyville,LA,16445,Sabine State Bank & Trust,2002/12/17,2002,12/17,2004/10/20,2004,10/20
Bank of Alamo,Alamo,TN,9961,No Acquirer,2002/11/8,2002,11/8,2005/3/18,2005,3/18
AmTrade International Bank,Atlanta,GA,33784,No Acquirer,2002/9/30,2002,9/30,2006/9/11,2006,9/11
Universal Federal Savings Bank,Chicago,IL,29355,Chicago Community Bank,2002/6/27,2002,6/27,2017/10/6,2017,10/6
Connecticut Bank of Commerce,Stamford,CT,19183,Hudson United Bank,2002/6/26,2002,6/26,2012/2/14,2012,2/14
New Century Bank,Shelby Township,MI,34979,No Acquirer,2002/3/28,2002,3/28,2005/3/18,2005,3/18
Net 1st National Bank,Boca Raton,FL,26652,Bank Leumi USA,2002/3/1,2002,3/1,2008/4/9,2008,4/9
"NextBank, NA",Phoenix,AZ,22314,No Acquirer,2002/2/7,2002,2/7,2015/2/5,2015,2/5
Oakwood Deposit Bank Co.,Oakwood,OH,8966,The State Bank & Trust Company,2002/2/1,2002,2/1,2012/10/25,2012,10/25
Bank of Sierra Blanca,Sierra Blanca,TX,22002,The Security State Bank of Pecos,2002/1/18,2002,1/18,2003/11/6,2003,11/6
"Hamilton Bank, NA",Miami,FL,24382,Israel Discount Bank of New York,2002/1/11,2002,1/11,2015/9/21,2015,9/21
Sinclair National Bank,Gravette,AR,34248,Delta Trust & Bank,2001/9/7,2001,9/7,2017/10/6,2017,10/6
"Superior Bank, FSB",Hinsdale,IL,32646,"Superior Federal, FSB",2001/7/27,2001,7/27,2014/8/19,2014,8/19
Malta National Bank,Malta,OH,6629,North Valley Bank,2001/5/3,2001,5/3,2002/11/18,2002,11/18
First Alliance Bank & Trust Co.,Manchester,NH,34264,Southern New Hampshire Bank & Trust,2001/2/2,2001,2/2,2003/2/18,2003,2/18
National State Bank of Metropolis,Metropolis,IL,3815,Banterra Bank of Marion,2000/12/14,2000,12/14,2005/3/17,2005,3/17
Bank of Honolulu,Honolulu,HI,21029,Bank of the Orient,2000/10/13,2000,10/13,2005/3/17,2005,3/17
